{
  "MOSFET": {
    "naive_most_frequent": {
      "top1": 0.03621730382293763,
      "top3": 0.1006036217303823,
      "top5": 0.14084507042253522,
      "mrr": 0.07198256203890079,
      "n": 12425
    },
    "markov_order1": {
      "top1": 0.7010060362173038,
      "top3": 0.9532394366197183,
      "top5": 0.9947686116700202,
      "mrr": 0.8295211267605651,
      "n": 12425
    },
    "markov_order2": {
      "top1": 0.7862374245472837,
      "top3": 0.9847887323943662,
      "top5": 1.0,
      "mrr": 0.8857987927565413,
      "n": 12425
    },
    "markov_order3": {
      "top1": 0.8145674044265594,
      "top3": 0.9950905432595574,
      "top5": 1.0,
      "mrr": 0.9044024144869219,
      "n": 12425
    },
    "markov_order5": {
      "top1": 0.8161770623742455,
      "top3": 0.9952515090543259,
      "top5": 1.0,
      "mrr": 0.9050865191146887,
      "n": 12425
    },
    "markov_order8": {
      "top1": 0.8169014084507042,
      "top3": 0.9928370221327968,
      "top5": 0.9975855130784709,
      "mrr": 0.9041891348088541,
      "n": 12425
    }
  },
  "IGBT": {
    "naive_most_frequent": {
      "top1": 0.04363784665579119,
      "top3": 0.12520391517128873,
      "top5": 0.17665851005981512,
      "mrr": 0.08927406199021243,
      "n": 14712
    },
    "markov_order1": {
      "top1": 0.6719004893964111,
      "top3": 0.9150353452963567,
      "top5": 0.9647226753670473,
      "mrr": 0.797888345115106,
      "n": 14712
    },
    "markov_order2": {
      "top1": 0.769847743338771,
      "top3": 0.9694127243066885,
      "top5": 0.9907558455682436,
      "mrr": 0.8715062533985896,
      "n": 14712
    },
    "markov_order3": {
      "top1": 0.8151848830886351,
      "top3": 0.9972811310494835,
      "top5": 1.0,
      "mrr": 0.9056858346927688,
      "n": 14712
    },
    "markov_order5": {
      "top1": 0.8163404023926046,
      "top3": 0.9972811310494835,
      "top5": 1.0,
      "mrr": 0.906444852274788,
      "n": 14712
    },
    "markov_order8": {
      "top1": 0.8170880913539967,
      "top3": 0.9953099510603589,
      "top5": 0.9978249048395867,
      "mrr": 0.905770799347472,
      "n": 14712
    }
  },
  "IC": {
    "naive_most_frequent": {
      "top1": 0.03985602668773593,
      "top3": 0.11008691071898867,
      "top5": 0.14976736019664647,
      "mrr": 0.07817867907412353,
      "n": 11391
    },
    "markov_order1": {
      "top1": 0.6743920639101044,
      "top3": 0.9514529014133966,
      "top5": 0.9936792204371873,
      "mrr": 0.8134594562959045,
      "n": 11391
    },
    "markov_order2": {
      "top1": 0.7472566060925292,
      "top3": 0.9816521815468352,
      "top5": 0.9992099025546484,
      "mrr": 0.8634316565709768,
      "n": 11391
    },
    "markov_order3": {
      "top1": 0.7797383899569836,
      "top3": 0.9928013343867966,
      "top5": 0.9989465367395312,
      "mrr": 0.8843619231557073,
      "n": 11391
    },
    "markov_order5": {
      "top1": 0.7814941620577649,
      "top3": 0.9923623913616013,
      "top5": 0.998770959529453,
      "mrr": 0.8856919205220494,
      "n": 11391
    },
    "markov_order8": {
      "top1": 0.780265121587218,
      "top3": 0.9868317092441401,
      "top5": 0.9928891229918356,
      "mrr": 0.8824174055540925,
      "n": 11391
    }
  }
}