{
  "MOSFET": {
    "20%": {
      "naive_most_frequent": {
        "top1": 0.15,
        "top3": 0.15,
        "top5": 0.28,
        "mrr": 0.1795,
        "n": 100
      },
      "markov_order1": {
        "top1": 0.85,
        "top3": 1.0,
        "top5": 1.0,
        "mrr": 0.925,
        "n": 100
      },
      "markov_order2": {
        "top1": 0.69,
        "top3": 1.0,
        "top5": 1.0,
        "mrr": 0.845,
        "n": 100
      },
      "markov_order3": {
        "top1": 0.85,
        "top3": 1.0,
        "top5": 1.0,
        "mrr": 0.925,
        "n": 100
      },
      "markov_order5": {
        "top1": 0.84,
        "top3": 1.0,
        "top5": 1.0,
        "mrr": 0.92,
        "n": 100
      },
      "markov_order8": {
        "top1": 0.84,
        "top3": 1.0,
        "top5": 1.0,
        "mrr": 0.92,
        "n": 100
      }
    },
    "40%": {
      "naive_most_frequent": {
        "top1": 0.0,
        "top3": 0.0,
        "top5": 0.13,
        "mrr": 0.029500000000000002,
        "n": 100
      },
      "markov_order1": {
        "top1": 0.65,
        "top3": 0.86,
        "top5": 1.0,
        "mrr": 0.7813333333333335,
        "n": 100
      },
      "markov_order2": {
        "top1": 0.82,
        "top3": 1.0,
        "top5": 1.0,
        "mrr": 0.91,
        "n": 100
      },
      "markov_order3": {
        "top1": 0.82,
        "top3": 1.0,
        "top5": 1.0,
        "mrr": 0.91,
        "n": 100
      },
      "markov_order5": {
        "top1": 0.83,
        "top3": 1.0,
        "top5": 1.0,
        "mrr": 0.915,
        "n": 100
      },
      "markov_order8": {
        "top1": 0.83,
        "top3": 1.0,
        "top5": 1.0,
        "mrr": 0.915,
        "n": 100
      }
    },
    "60%": {
      "naive_most_frequent": {
        "top1": 0.0,
        "top3": 0.0,
        "top5": 0.06,
        "mrr": 0.013499999999999998,
        "n": 100
      },
      "markov_order1": {
        "top1": 0.59,
        "top3": 0.83,
        "top5": 0.99,
        "mrr": 0.75,
        "n": 100
      },
      "markov_order2": {
        "top1": 0.89,
        "top3": 1.0,
        "top5": 1.0,
        "mrr": 0.945,
        "n": 100
      },
      "markov_order3": {
        "top1": 0.88,
        "top3": 1.0,
        "top5": 1.0,
        "mrr": 0.94,
        "n": 100
      },
      "markov_order5": {
        "top1": 0.88,
        "top3": 1.0,
        "top5": 1.0,
        "mrr": 0.94,
        "n": 100
      },
      "markov_order8": {
        "top1": 0.88,
        "top3": 1.0,
        "top5": 1.0,
        "mrr": 0.94,
        "n": 100
      }
    },
    "80%": {
      "naive_most_frequent": {
        "top1": 0.04,
        "top3": 0.04,
        "top5": 0.57,
        "mrr": 0.15749999999999992,
        "n": 100
      },
      "markov_order1": {
        "top1": 0.37,
        "top3": 0.86,
        "top5": 0.89,
        "mrr": 0.6225,
        "n": 100
      },
      "markov_order2": {
        "top1": 0.58,
        "top3": 1.0,
        "top5": 1.0,
        "mrr": 0.79,
        "n": 100
      },
      "markov_order3": {
        "top1": 0.57,
        "top3": 1.0,
        "top5": 1.0,
        "mrr": 0.785,
        "n": 100
      },
      "markov_order5": {
        "top1": 0.59,
        "top3": 1.0,
        "top5": 1.0,
        "mrr": 0.795,
        "n": 100
      },
      "markov_order8": {
        "top1": 0.62,
        "top3": 0.98,
        "top5": 1.0,
        "mrr": 0.804,
        "n": 100
      }
    }
  },
  "IGBT": {
    "20%": {
      "naive_most_frequent": {
        "top1": 0.0,
        "top3": 0.0,
        "top5": 0.27,
        "mrr": 0.0675,
        "n": 100
      },
      "markov_order1": {
        "top1": 0.54,
        "top3": 0.98,
        "top5": 1.0,
        "mrr": 0.764,
        "n": 100
      },
      "markov_order2": {
        "top1": 0.81,
        "top3": 1.0,
        "top5": 1.0,
        "mrr": 0.905,
        "n": 100
      },
      "markov_order3": {
        "top1": 0.81,
        "top3": 1.0,
        "top5": 1.0,
        "mrr": 0.905,
        "n": 100
      },
      "markov_order5": {
        "top1": 0.81,
        "top3": 1.0,
        "top5": 1.0,
        "mrr": 0.905,
        "n": 100
      },
      "markov_order8": {
        "top1": 0.81,
        "top3": 1.0,
        "top5": 1.0,
        "mrr": 0.905,
        "n": 100
      }
    },
    "40%": {
      "naive_most_frequent": {
        "top1": 0.0,
        "top3": 0.0,
        "top5": 0.1,
        "mrr": 0.020499999999999997,
        "n": 100
      },
      "markov_order1": {
        "top1": 0.63,
        "top3": 0.79,
        "top5": 1.0,
        "mrr": 0.7591666666666668,
        "n": 100
      },
      "markov_order2": {
        "top1": 0.87,
        "top3": 1.0,
        "top5": 1.0,
        "mrr": 0.935,
        "n": 100
      },
      "markov_order3": {
        "top1": 0.87,
        "top3": 1.0,
        "top5": 1.0,
        "mrr": 0.935,
        "n": 100
      },
      "markov_order5": {
        "top1": 0.87,
        "top3": 1.0,
        "top5": 1.0,
        "mrr": 0.935,
        "n": 100
      },
      "markov_order8": {
        "top1": 0.87,
        "top3": 1.0,
        "top5": 1.0,
        "mrr": 0.935,
        "n": 100
      }
    },
    "60%": {
      "naive_most_frequent": {
        "top1": 0.0,
        "top3": 0.54,
        "top5": 0.54,
        "mrr": 0.2433333333333333,
        "n": 100
      },
      "markov_order1": {
        "top1": 0.68,
        "top3": 0.9,
        "top5": 1.0,
        "mrr": 0.8000000000000002,
        "n": 100
      },
      "markov_order2": {
        "top1": 0.74,
        "top3": 0.9,
        "top5": 1.0,
        "mrr": 0.8383333333333334,
        "n": 100
      },
      "markov_order3": {
        "top1": 0.83,
        "top3": 1.0,
        "top5": 1.0,
        "mrr": 0.915,
        "n": 100
      },
      "markov_order5": {
        "top1": 0.8,
        "top3": 1.0,
        "top5": 1.0,
        "mrr": 0.9,
        "n": 100
      },
      "markov_order8": {
        "top1": 0.82,
        "top3": 1.0,
        "top5": 1.0,
        "mrr": 0.91,
        "n": 100
      }
    },
    "80%": {
      "naive_most_frequent": {
        "top1": 0.0,
        "top3": 0.0,
        "top5": 0.0,
        "mrr": 0.0,
        "n": 100
      },
      "markov_order1": {
        "top1": 0.73,
        "top3": 0.99,
        "top5": 1.0,
        "mrr": 0.862,
        "n": 100
      },
      "markov_order2": {
        "top1": 0.74,
        "top3": 1.0,
        "top5": 1.0,
        "mrr": 0.87,
        "n": 100
      },
      "markov_order3": {
        "top1": 0.75,
        "top3": 1.0,
        "top5": 1.0,
        "mrr": 0.875,
        "n": 100
      },
      "markov_order5": {
        "top1": 0.75,
        "top3": 1.0,
        "top5": 1.0,
        "mrr": 0.875,
        "n": 100
      },
      "markov_order8": {
        "top1": 0.74,
        "top3": 1.0,
        "top5": 1.0,
        "mrr": 0.87,
        "n": 100
      }
    }
  },
  "IC": {
    "20%": {
      "naive_most_frequent": {
        "top1": 0.0,
        "top3": 0.0,
        "top5": 0.0,
        "mrr": 0.0,
        "n": 100
      },
      "markov_order1": {
        "top1": 0.98,
        "top3": 1.0,
        "top5": 1.0,
        "mrr": 0.99,
        "n": 100
      },
      "markov_order2": {
        "top1": 0.98,
        "top3": 1.0,
        "top5": 1.0,
        "mrr": 0.99,
        "n": 100
      },
      "markov_order3": {
        "top1": 0.98,
        "top3": 1.0,
        "top5": 1.0,
        "mrr": 0.99,
        "n": 100
      },
      "markov_order5": {
        "top1": 0.98,
        "top3": 1.0,
        "top5": 1.0,
        "mrr": 0.99,
        "n": 100
      },
      "markov_order8": {
        "top1": 0.98,
        "top3": 1.0,
        "top5": 1.0,
        "mrr": 0.99,
        "n": 100
      }
    },
    "40%": {
      "naive_most_frequent": {
        "top1": 0.28,
        "top3": 0.28,
        "top5": 0.29,
        "mrr": 0.2825,
        "n": 100
      },
      "markov_order1": {
        "top1": 0.54,