{
  "n_examples": 600,
  "overall": {
    "naive": {
      "Top1": 0.023333333333333334,
      "Top3": 0.08833333333333333,
      "Top5": 0.215,
      "MRR": 0.08025000000000007,
      "n": 600
    },
    "trigram": {
      "Top1": 0.7,
      "Top3": 0.9983333333333333,
      "Top5": 1.0,
      "MRR": 0.8476388888888887,
      "n": 600
    },
    "raw_lstm": {
      "Top1": 0.6883333333333334,
      "Top3": 0.995,
      "Top5": 1.0,
      "MRR": 0.8406944444444443,
      "n": 600
    },
    "gpt": {
      "Top1": 0.6883333333333334,
      "Top3": 0.9983333333333333,
      "Top5": 1.0,
      "MRR": 0.8420833333333332,
      "n": 600
    },
    "dual_ensemble": {
      "Top1": 0.7,
      "Top3": 0.9983333333333333,
      "Top5": 1.0,
      "MRR": 0.8470833333333332,
      "n": 600
    },
    "ensemble3": {
      "Top1": 0.7183333333333334,
      "Top3": 0.8,
      "Top5": 0.8,
      "MRR": 0.7580555555555555,
      "n": 600
    },
    "ensemble_plain": {
      "Top1": 0.7183333333333334,
      "Top3": 0.8,
      "Top5": 0.8,
      "MRR": 0.7580555555555555,
      "n": 600
    }
  },
  "by_cut": {
    "60": {
      "naive": {
        "Top1": 0.0,
        "Top3": 0.13,
        "Top5": 0.24666666666666667,
        "MRR": 0.08333333333333327,
        "n": 300
      },
      "trigram": {
        "Top1": 0.74,
        "Top3": 0.9966666666666667,
        "Top5": 1.0,
        "MRR": 0.866388888888889,
        "n": 300
      },
      "raw_lstm": {
        "Top1": 0.7633333333333333,
        "Top3": 0.99,
        "Top5": 1.0,
        "MRR": 0.8769444444444445,
        "n": 300
      },
      "gpt": {
        "Top1": 0.7466666666666667,
        "Top3": 0.9966666666666667,
        "Top5": 1.0,
        "MRR": 0.8697222222222223,
        "n": 300
      },
      "dual_ensemble": {
        "Top1": 0.77,
        "Top3": 0.9966666666666667,
        "Top5": 1.0,
        "MRR": 0.8808333333333334,
        "n": 300
      },
      "ensemble3": {
        "Top1": 0.7766666666666666,
        "Top3": 0.8033333333333333,
        "Top5": 0.8033333333333333,
        "MRR": 0.79,
        "n": 300
      },
      "ensemble_plain": {
        "Top1": 0.7766666666666666,
        "Top3": 0.8033333333333333,
        "Top5": 0.8033333333333333,
        "MRR": 0.79,
        "n": 300
      }
    },
    "80": {
      "naive": {
        "Top1": 0.04666666666666667,
        "Top3": 0.04666666666666667,
        "Top5": 0.18333333333333332,
        "MRR": 0.07716666666666663,
        "n": 300
      },
      "trigram": {
        "Top1": 0.66,
        "Top3": 1.0,
        "Top5": 1.0,
        "MRR": 0.8288888888888889,
        "n": 300
      },
      "raw_lstm": {
        "Top1": 0.6133333333333333,
        "Top3": 1.0,
        "Top5": 1.0,
        "MRR": 0.8044444444444445,
        "n": 300
      },
      "gpt": {
        "Top1": 0.63,
        "Top3": 1.0,
        "Top5": 1.0,
        "MRR": 0.8144444444444445,
        "n": 300
      },
      "dual_ensemble": {
        "Top1": 0.63,
        "Top3": 1.0,
        "Top5": 1.0,
        "MRR": 0.8133333333333335,
        "n": 300
      },
      "ensemble3": {
        "Top1": 0.66,
        "Top3": 0.7966666666666666,
        "Top5": 0.7966666666666666,
        "MRR": 0.7261111111111113,
        "n": 300
      },
      "ensemble_plain": {
        "Top1": 0.66,
        "Top3": 0.7966666666666666,
        "Top5": 0.7966666666666666,
        "MRR": 0.7261111111111113,
        "n": 300
      }
    }
  },
  "by_family": {
    "mosfet": {
      "naive": {
        "Top1": 0.011111111111111112,
        "Top3": 0.011111111111111112,
        "Top5": 0.32222222222222224,
        "MRR": 0.08138888888888886,
        "n": 180
      },
      "trigram": {
        "Top1": 0.7,
        "Top3": 1.0,
        "Top5": 1.0,
        "MRR": 0.85,
        "n": 180
      },
      "raw_lstm": {
        "Top1": 0.6611111111111111,
        "Top3": 1.0,
        "Top5": 1.0,
        "MRR": 0.8305555555555556,
        "n": 180
      },
      "gpt": {
        "Top1": 0.7,
        "Top3": 1.0,
        "Top5": 1.0,
        "MRR": 0.85,
        "n": 180
      },
      "dual_ensemble": {
        "Top1": 0.6888888888888889,
        "Top3": 1.0,
        "Top5": 1.0,
        "MRR": 0.8444444444444444,
        "n": 180
      },
      "ensemble3": {
        "Top1": 0.7111111111111111,
        "Top3": 0.7611111111111111,
        "Top5": 0.7611111111111111,
        "MRR": 0.7361111111111112,
        "n": 180
      },
      "ensemble_plain": {
        "Top1": 0.7111111111111111,
        "Top3": 0.7611111111111111,
        "Top5": 0.7611111111111111,
        "MRR": 0.7361111111111112,
        "n": 180
      }
    },
    "igbt": {
      "naive": {
        "Top1": 0.0,
        "Top3": 0.17889908256880735,
        "Top5": 0.17889908256880735,
        "MRR": 0.07798165137614681,
        "n": 218
      },
      "trigram": {
        "Top1": 0.7385321100917431,
        "Top3": 1.0,
        "Top5": 1.0,
        "MRR": 0.867737003058104,
        "n": 218
      },
      "raw_lstm": {
        "Top1": 0.7247706422018348,
        "Top3": 1.0,
        "Top5": 1.0,
        "MRR": 0.8593272171253823,
        "n": 218
      },
      "gpt": {
        "Top1": 0.7431192660550459,
        "Top3": 1.0,
        "Top5": 1.0,
        "MRR": 0.8707951070336392,
        "n": 218
      },
      "dual_ensemble": {
        "Top1": 0.7155963302752294,
        "Top3": 1.0,
        "Top5": 1.0,
        "MRR": 0.8555045871559633,
        "n": 218
      },
      "ensemble3": {
        "Top1": 0.7431192660550459,
        "Top3": 0.8440366972477065,
        "Top5": 0.8440366972477065,
        "MRR": 0.790519877675841,
        "n": 218
      },
      "ensemble_plain": {
        "Top1": 0.7431192660550459,
        "Top3": 0.8440366972477065,
        "Top5": 0.8440366972477065,
        "MRR": 0.790519877675841,
        "n": 218
      }
    },
    "ic": {
      "naive": {
        "Top1": 0.0594059405940594,
        "Top3": 0.0594059405940594,
        "Top5": 0.15841584158415842,
        "MRR": 0.08168316831683167,
        "n": 202
      },
      "trigram": {
        "Top1": 0.6584158415841584,
        "Top3": 0.995049504950495,
        "Top5": 1.0,
        "MRR": 0.8238448844884488,
        "n": 202
      },
      "raw_lstm": {
        "Top1": 0.6732673267326733,
        "Top3": 0.9851485148514851,
        "Top5": 1.0,
        "MRR": 0.8296204620462045,
        "n": 202
      },
      "gpt": {
        "Top1": 0.6188118811881188,
        "Top3": 0.995049504950495,
        "Top5": 1.0,
        "MRR": 0.804042904290429,
        "n": 202
      },
      "dual_ensemble": {
        "Top1": 0.693069306930693,
        "Top3": 0.995049504950495,
        "Top5": 1.0,
        "MRR": 0.8403465346534655,
        "n": 202
      },
      "ensemble3": {
        "Top1": 0.698019801980198,
        "Top3": 0.7871287128712872,
        "Top5": 0.7871287128712872,
        "MRR": 0.7425742574257426,
        "n": 202
      },
      "ensemble_plain": {
        "Top1": 0.698019801980198,
        "Top3": 0.7871287128712872,
        "Top5": 0.7871287128712872,
        "MRR": 0.7425742574257426,
        "n": 202
      }
    }
  },
  "ckpts": {
    "raw_lstm": "lstm_30k_best.pt",
    "gpt": "gpt_best.pt",
    "dual_canon": "lstm_canonical_best.pt",
    "dual_orig": "lstm_30k_best.pt"
  },
  "split": "train_val_split(seed42 random_split) val_ds.indices[:300] x {0.6,0.8}, original-name GT"
}