{
  "n": 600,
  "hybrid_rule": "RANK_1=ensemble3 top-1; RANK_2-5=dual variant list (ens3_r1 promoted)",
  "ens3_r1_in_dual_top5": "600/600",
  "truth_lost_by_dropping_dual_rank5": 0,
  "overall": {
    "trigram": {
      "Top1": 0.7,
      "Top3": 0.9983333333333333,
      "Top5": 1.0,
      "MRR": 0.8476388888888887,
      "n": 600
    },
    "dual_ensemble": {
      "Top1": 0.7,
      "Top3": 0.9983333333333333,
      "Top5": 1.0,
      "MRR": 0.8470833333333332,
      "n": 600
    },
    "ensemble3": {
      "Top1": 0.7183333333333334,
      "Top3": 0.8,
      "Top5": 0.8,
      "MRR": 0.7580555555555555,
      "n": 600
    },
    "HYBRID": {
      "Top1": 0.7183333333333334,
      "Top3": 0.9983333333333333,
      "Top5": 1.0,
      "MRR": 0.8568055555555554,
      "n": 600
    }
  },
  "by_cut": {
    "60": {
      "trigram": {
        "Top1": 0.74,
        "Top3": 0.9966666666666667,
        "Top5": 1.0,
        "MRR": 0.866388888888889,
        "n": 300
      },
      "dual_ensemble": {
        "Top1": 0.77,
        "Top3": 0.9966666666666667,
        "Top5": 1.0,
        "MRR": 0.8808333333333334,
        "n": 300
      },
      "ensemble3": {
        "Top1": 0.7766666666666666,
        "Top3": 0.8033333333333333,
        "Top5": 0.8033333333333333,
        "MRR": 0.79,
        "n": 300
      },
      "HYBRID": {
        "Top1": 0.7766666666666666,
        "Top3": 0.9966666666666667,
        "Top5": 1.0,
        "MRR": 0.8852777777777779,
        "n": 300
      }
    },
    "80": {
      "trigram": {
        "Top1": 0.66,
        "Top3": 1.0,
        "Top5": 1.0,
        "MRR": 0.8288888888888889,
        "n": 300
      },
      "dual_ensemble": {
        "Top1": 0.63,
        "Top3": 1.0,
        "Top5": 1.0,
        "MRR": 0.8133333333333335,
        "n": 300
      },
      "ensemble3": {
        "Top1": 0.66,
        "Top3": 0.7966666666666666,
        "Top5": 0.7966666666666666,
        "MRR": 0.7261111111111113,
        "n": 300
      },
      "HYBRID": {
        "Top1": 0.66,
        "Top3": 1.0,
        "Top5": 1.0,
        "MRR": 0.8283333333333335,
        "n": 300
      }
    }
  },
  "by_family": {
    "mosfet": {
      "trigram": {
        "Top1": 0.7,
        "Top3": 1.0,
        "Top5": 1.0,
        "MRR": 0.85,
        "n": 180
      },
      "dual_ensemble": {
        "Top1": 0.6888888888888889,
        "Top3": 1.0,
        "Top5": 1.0,
        "MRR": 0.8444444444444444,
        "n": 180
      },
      "ensemble3": {
        "Top1": 0.7111111111111111,
        "Top3": 0.7611111111111111,
        "Top5": 0.7611111111111111,
        "MRR": 0.7361111111111112,
        "n": 180
      },
      "HYBRID": {
        "Top1": 0.7111111111111111,
        "Top3": 1.0,
        "Top5": 1.0,
        "MRR": 0.8555555555555555,
        "n": 180
      }
    },
    "igbt": {
      "trigram": {
        "Top1": 0.7385321100917431,
        "Top3": 1.0,
        "Top5": 1.0,
        "MRR": 0.867737003058104,
        "n": 218
      },
      "dual_ensemble": {
        "Top1": 0.7155963302752294,
        "Top3": 1.0,
        "Top5": 1.0,
        "MRR": 0.8555045871559633,
        "n": 218
      },
      "ensemble3": {
        "Top1": 0.7431192660550459,
        "Top3": 0.8440366972477065,
        "Top5": 0.8440366972477065,
        "MRR": 0.790519877675841,
        "n": 218
      },
      "HYBRID": {
        "Top1": 0.7431192660550459,
        "Top3": 1.0,
        "Top5": 1.0,
        "MRR": 0.8692660550458715,
        "n": 218
      }
    },
    "ic": {
      "trigram": {
        "Top1": 0.6584158415841584,
        "Top3": 0.995049504950495,
        "Top5": 1.0,
        "MRR": 0.8238448844884488,
        "n": 202
      },
      "dual_ensemble": {
        "Top1": 0.693069306930693,
        "Top3": 0.995049504950495,
        "Top5": 1.0,
        "MRR": 0.8403465346534655,
        "n": 202
      },
      "ensemble3": {
        "Top1": 0.698019801980198,
        "Top3": 0.7871287128712872,
        "Top5": 0.7871287128712872,
        "MRR": 0.7425742574257426,
        "n": 202
      },
      "HYBRID": {
        "Top1": 0.698019801980198,
        "Top3": 0.995049504950495,
        "Top5": 1.0,
        "MRR": 0.8444719471947195,
        "n": 202
      }
    }
  }
}